mysqldump: [Warning] Using a password on the command line interface can be insecure.
-- MySQL dump 10.13  Distrib 8.0.36, for Linux (x86_64)
--
-- Host: localhost    Database: flowermari
-- ------------------------------------------------------
-- Server version	8.0.36

/*!40101 SET @OLD_CHARACTER_SET_CLIENT=@@CHARACTER_SET_CLIENT */;
/*!40101 SET @OLD_CHARACTER_SET_RESULTS=@@CHARACTER_SET_RESULTS */;
/*!40101 SET @OLD_COLLATION_CONNECTION=@@COLLATION_CONNECTION */;
/*!50503 SET NAMES utf8mb4 */;
/*!40103 SET @OLD_TIME_ZONE=@@TIME_ZONE */;
/*!40103 SET TIME_ZONE='+00:00' */;
/*!40014 SET @OLD_UNIQUE_CHECKS=@@UNIQUE_CHECKS, UNIQUE_CHECKS=0 */;
/*!40014 SET @OLD_FOREIGN_KEY_CHECKS=@@FOREIGN_KEY_CHECKS, FOREIGN_KEY_CHECKS=0 */;
/*!40101 SET @OLD_SQL_MODE=@@SQL_MODE, SQL_MODE='NO_AUTO_VALUE_ON_ZERO' */;
/*!40111 SET @OLD_SQL_NOTES=@@SQL_NOTES, SQL_NOTES=0 */;

--
-- Table structure for table `api_log`
--

DROP TABLE IF EXISTS `api_log`;
/*!40101 SET @saved_cs_client     = @@character_set_client */;
/*!50503 SET character_set_client = utf8mb4 */;
CREATE TABLE `api_log` (
  `log_id` bigint NOT NULL AUTO_INCREMENT,
  `create_date_time` datetime(6) NOT NULL,
  `update_date_time` datetime(6) DEFAULT NULL,
  `member_id` bigint DEFAULT NULL,
  PRIMARY KEY (`log_id`),
  KEY `FKftyva6u4tm4iarfrjpbxyf4c9` (`member_id`),
  CONSTRAINT `FKftyva6u4tm4iarfrjpbxyf4c9` FOREIGN KEY (`member_id`) REFERENCES `member` (`member_id`)
) ENGINE=InnoDB AUTO_INCREMENT=127 DEFAULT CHARSET=utf8mb4 COLLATE=utf8mb4_0900_ai_ci;
/*!40101 SET character_set_client = @saved_cs_client */;

--
-- Dumping data for table `api_log`
--

LOCK TABLES `api_log` WRITE;
/*!40000 ALTER TABLE `api_log` DISABLE KEYS */;
INSERT INTO `api_log` VALUES (1,'2024-04-02 13:19:41.237175',NULL,3),(2,'2024-04-02 13:21:03.896076',NULL,3),(3,'2024-04-02 13:38:02.402767',NULL,4),(4,'2024-04-02 14:00:20.973187',NULL,3),(5,'2024-04-02 14:06:08.617189',NULL,3),(6,'2024-04-02 14:06:50.853442',NULL,3),(7,'2024-04-02 14:10:35.498326',NULL,3),(8,'2024-04-02 14:13:45.661280',NULL,3),(9,'2024-04-02 14:17:24.507851',NULL,6),(10,'2024-04-02 14:20:22.235547',NULL,6),(11,'2024-04-02 14:22:43.176984',NULL,6),(12,'2024-04-02 14:24:10.635270',NULL,6),(13,'2024-04-02 14:25:48.384872',NULL,6),(14,'2024-04-02 14:27:50.956209',NULL,6),(15,'2024-04-02 14:29:28.925916',NULL,6),(16,'2024-04-02 14:36:55.260247',NULL,7),(17,'2024-04-02 14:38:49.685519',NULL,7),(18,'2024-04-02 14:40:36.547800',NULL,7),(19,'2024-04-02 15:00:45.613535',NULL,7),(20,'2024-04-02 15:03:20.901675',NULL,7),(21,'2024-04-02 15:07:08.834092',NULL,8),(22,'2024-04-02 15:09:02.322414',NULL,8),(23,'2024-04-02 15:44:26.388629',NULL,8),(24,'2024-04-02 15:46:15.567638',NULL,8),(25,'2024-04-02 15:47:13.799133',NULL,8),(26,'2024-04-02 15:48:14.836329',NULL,8),(27,'2024-04-02 15:50:29.389413',NULL,8),(28,'2024-04-02 15:52:02.005433',NULL,8),(29,'2024-04-02 15:53:42.007980',NULL,8),(30,'2024-04-02 15:56:58.109981',NULL,8),(31,'2024-04-02 15:58:12.409129',NULL,8),(32,'2024-04-02 16:11:12.097382',NULL,8),(33,'2024-04-02 16:15:05.297950',NULL,8),(34,'2024-04-02 16:16:34.254796',NULL,8),(35,'2024-04-02 16:17:54.978741',NULL,8),(36,'2024-04-02 16:18:53.017262',NULL,8),(37,'2024-04-02 16:19:08.114785',NULL,8),(38,'2024-04-02 16:19:55.517311',NULL,8),(39,'2024-04-02 16:21:51.897401',NULL,8),(40,'2024-04-02 16:23:08.323259',NULL,8),(41,'2024-04-02 16:24:01.583401',NULL,8),(42,'2024-04-02 16:25:21.771566',NULL,8),(43,'2024-04-02 16:28:02.218916',NULL,8),(44,'2024-04-02 16:29:02.528559',NULL,8),(45,'2024-04-02 16:30:12.062564',NULL,8),(46,'2024-04-02 16:32:28.802485',NULL,8),(47,'2024-04-02 16:34:20.358318',NULL,8),(48,'2024-04-02 16:38:04.480321',NULL,8),(49,'2024-04-02 16:39:38.283168',NULL,8),(50,'2024-04-02 17:24:13.899558',NULL,5),(51,'2024-04-02 17:25:31.028177',NULL,5),(52,'2024-04-02 17:39:26.663321',NULL,5),(53,'2024-04-02 17:40:21.593350',NULL,5),(54,'2024-04-02 17:44:22.637404',NULL,7),(55,'2024-04-02 17:45:32.807143',NULL,7),(56,'2024-04-02 17:47:32.899667',NULL,7),(57,'2024-04-02 18:03:22.679651',NULL,5),(58,'2024-04-02 18:05:30.786656',NULL,5),(59,'2024-04-02 18:07:00.082517',NULL,5),(60,'2024-04-02 18:12:55.728738',NULL,5),(61,'2024-04-02 18:14:02.842559',NULL,5),(62,'2024-04-02 18:41:37.715952',NULL,4),(63,'2024-04-02 18:41:57.124954',NULL,4),(64,'2024-04-02 18:42:06.677788',NULL,4),(65,'2024-04-02 18:42:35.230427',NULL,4),(66,'2024-04-02 20:45:32.686419',NULL,7),(67,'2024-04-02 21:49:05.339632',NULL,6),(68,'2024-04-02 21:51:57.942310',NULL,6),(69,'2024-04-02 21:55:08.913912',NULL,6),(70,'2024-04-02 22:00:30.166092',NULL,6),(71,'2024-04-02 22:05:35.765022',NULL,6),(72,'2024-04-02 23:03:21.079420',NULL,7),(73,'2024-04-02 23:03:37.040075',NULL,7),(74,'2024-04-02 23:17:01.723589',NULL,7),(75,'2024-04-02 23:17:14.927414',NULL,7),(76,'2024-04-03 00:12:46.492620',NULL,3),(77,'2024-04-03 09:02:58.068632',NULL,6),(78,'2024-04-03 09:06:59.467003',NULL,6),(79,'2024-04-03 09:09:28.981116',NULL,6),(80,'2024-04-03 09:09:41.763990',NULL,8),(81,'2024-04-03 09:11:03.053386',NULL,8),(82,'2024-04-03 09:11:13.552015',NULL,6),(83,'2024-04-03 10:01:23.328767',NULL,6),(84,'2024-04-03 10:17:46.552565',NULL,9),(85,'2024-04-03 10:19:41.212079',NULL,9),(86,'2024-04-03 10:29:58.340964',NULL,9),(87,'2024-04-03 10:32:49.225903',NULL,6),(88,'2024-04-03 10:34:16.750710',NULL,4),(89,'2024-04-03 10:36:20.595882',NULL,4),(90,'2024-04-03 10:38:17.068705',NULL,4),(91,'2024-04-03 10:56:26.435611',NULL,6),(92,'2024-04-03 10:57:15.718667',NULL,6),(93,'2024-04-03 10:58:18.158581',NULL,6),(94,'2024-04-03 11:04:37.188410',NULL,6),(95,'2024-04-03 11:09:47.704707',NULL,5),(96,'2024-04-03 11:16:15.498263',NULL,5),(97,'2024-04-03 11:18:54.902734',NULL,5),(98,'2024-04-03 12:22:05.792882',NULL,4),(99,'2024-04-03 12:24:02.407543',NULL,4),(100,'2024-04-03 12:31:22.113551',NULL,5),(101,'2024-04-03 12:32:09.751636',NULL,5),(102,'2024-04-03 12:32:51.711666',NULL,4),(103,'2024-04-03 12:33:32.206683',NULL,4),(104,'2024-04-03 12:34:41.520029',NULL,4),(105,'2024-04-03 12:38:09.213079',NULL,4),(106,'2024-04-03 12:39:37.550566',NULL,4),(107,'2024-04-03 13:14:11.693129',NULL,4),(108,'2024-04-03 13:15:02.258485',NULL,4),(109,'2024-04-03 13:16:19.121817',NULL,4),(110,'2024-04-03 13:17:30.577188',NULL,7),(111,'2024-04-03 13:18:45.932784',NULL,7),(112,'2024-04-03 13:19:57.927018',NULL,7),(113,'2024-04-03 13:21:11.981378',NULL,7),(114,'2024-04-03 14:07:19.342044',NULL,5),(115,'2024-04-03 14:08:22.075522',NULL,5),(116,'2024-04-03 14:09:15.711835',NULL,5),(117,'2024-04-03 14:18:31.444390',NULL,5),(118,'2024-04-03 14:19:58.878327',NULL,5),(119,'2024-04-03 14:22:09.670897',NULL,5),(120,'2024-04-03 14:24:21.450037',NULL,5),(121,'2024-04-03 14:31:10.573417',NULL,5),(122,'2024-04-03 14:37:20.701495',NULL,5),(123,'2024-04-03 14:39:12.472705',NULL,5),(124,'2024-04-03 14:40:08.858637',NULL,5),(125,'2024-04-03 14:40:59.080489',NULL,5),(126,'2024-04-03 14:42:37.117461',NULL,4);
/*!40000 ALTER TABLE `api_log` ENABLE KEYS */;
UNLOCK TABLES;

--
-- Table structure for table `bouquet`
--

DROP TABLE IF EXISTS `bouquet`;
/*!40101 SET @saved_cs_client     = @@character_set_client */;
/*!50503 SET character_set_client = utf8mb4 */;
CREATE TABLE `bouquet` (
  `bouquet_id` bigint NOT NULL AUTO_INCREMENT,
  `create_date_time` datetime(6) NOT NULL,
  `update_date_time` datetime(6) DEFAULT NULL,
  `image_url` varchar(255) DEFAULT NULL,
  `message` varchar(255) DEFAULT NULL,
  `situation` varchar(255) DEFAULT NULL,
  `whom` varchar(255) DEFAULT NULL,
  `member_id` bigint DEFAULT NULL,
  PRIMARY KEY (`bouquet_id`),
  KEY `FKnn069us9e7887nwy6rfwjn7tl` (`member_id`),
  CONSTRAINT `FKnn069us9e7887nwy6rfwjn7tl` FOREIGN KEY (`member_id`) REFERENCES `member` (`member_id`)
) ENGINE=InnoDB AUTO_INCREMENT=159 DEFAULT CHARSET=utf8mb4 COLLATE=utf8mb4_0900_ai_ci;
/*!40101 SET character_set_client = @saved_cs_client */;

--
-- Dumping data for table `bouquet`
--

LOCK TABLES `bouquet` WRITE;
/*!40000 ALTER TABLE `bouquet` DISABLE KEYS */;
INSERT INTO `bouquet` VALUES (1,'2024-04-02 13:15:10.711468',NULL,'https://a305-project-bucket.s3.ap-northeast-2.amazonaws.com/complete/a1f4eea4-6eb2-4ebc-bae5-2e25f48c739c_033521.png','축하','기념일','여자친구',1),(2,'2024-04-02 13:15:10.878146',NULL,'https://a305-project-bucket.s3.ap-northeast-2.amazonaws.com/complete/a1f4eea4-6eb2-4ebc-bae5-2e25f48c739c_033521.png','고생했어','졸업','친구',1),(3,'2024-04-02 13:15:11.014235',NULL,'https://a305-project-bucket.s3.ap-northeast-2.amazonaws.com/complete/a1f4eea4-6eb2-4ebc-bae5-2e25f48c739c_033521.png','축하','생일','동생',1),(4,'2024-04-02 13:15:11.314960',NULL,'https://a305-project-bucket.s3.ap-northeast-2.amazonaws.com/complete/a1f4eea4-6eb2-4ebc-bae5-2e25f48c739c_033521.png','고생했어','생일','남자친구',2),(5,'2024-04-02 13:15:11.497856',NULL,'https://a305-project-bucket.s3.ap-northeast-2.amazonaws.com/complete/a1f4eea4-6eb2-4ebc-bae5-2e25f48c739c_033521.png','귀여움','시험','연인',2),(6,'2024-04-02 13:15:11.593889',NULL,'https://a305-project-bucket.s3.ap-northeast-2.amazonaws.com/complete/a1f4eea4-6eb2-4ebc-bae5-2e25f48c739c_033521.png','사랑해','생일','연인',2),(7,'2024-04-02 13:15:11.672079',NULL,'https://a305-project-bucket.s3.ap-northeast-2.amazonaws.com/complete/a1f4eea4-6eb2-4ebc-bae5-2e25f48c739c_033521.png','소중함','생일','남자친구',2),(8,'2024-04-02 13:15:11.758871',NULL,'https://a305-project-bucket.s3.ap-northeast-2.amazonaws.com/complete/a1f4eea4-6eb2-4ebc-bae5-2e25f48c739c_033521.png','영원한 사랑','졸업','여자친구',2),(9,'2024-04-02 13:15:11.820677',NULL,'https://a305-project-bucket.s3.ap-northeast-2.amazonaws.com/complete/a1f4eea4-6eb2-4ebc-bae5-2e25f48c739c_033521.png','사랑해','결혼','연인',2),(10,'2024-04-02 13:15:11.915615',NULL,'https://a305-project-bucket.s3.ap-northeast-2.amazonaws.com/complete/a1f4eea4-6eb2-4ebc-bae5-2e25f48c739c_033521.png','귀여움','생일','남자친구',2),(11,'2024-04-02 13:15:12.030360',NULL,'https://a305-project-bucket.s3.ap-northeast-2.amazonaws.com/complete/a1f4eea4-6eb2-4ebc-bae5-2e25f48c739c_033521.png','고생했어','졸업','연인',2),(12,'2024-04-02 13:15:12.113383',NULL,'https://a305-project-bucket.s3.ap-northeast-2.amazonaws.com/complete/a1f4eea4-6eb2-4ebc-bae5-2e25f48c739c_033521.png','소중함','졸업','연인',2),(13,'2024-04-02 13:15:12.167589',NULL,'https://a305-project-bucket.s3.ap-northeast-2.amazonaws.com/complete/a1f4eea4-6eb2-4ebc-bae5-2e25f48c739c_033521.png','고생했어','결혼','가족',2),(14,'2024-04-02 13:15:12.236705',NULL,'https://a305-project-bucket.s3.ap-northeast-2.amazonaws.com/complete/a1f4eea4-6eb2-4ebc-bae5-2e25f48c739c_033521.png','소중함','졸업','여자친구',2),(15,'2024-04-02 13:15:12.291524',NULL,'https://a305-project-bucket.s3.ap-northeast-2.amazonaws.com/complete/a1f4eea4-6eb2-4ebc-bae5-2e25f48c739c_033521.png','사랑해','시험','연인',2),(16,'2024-04-02 13:15:12.348238',NULL,'https://a305-project-bucket.s3.ap-northeast-2.amazonaws.com/complete/a1f4eea4-6eb2-4ebc-bae5-2e25f48c739c_033521.png','귀여움','졸업','남자친구',2),(17,'2024-04-02 13:15:12.411447',NULL,'https://a305-project-bucket.s3.ap-northeast-2.amazonaws.com/complete/a1f4eea4-6eb2-4ebc-bae5-2e25f48c739c_033521.png','영원한 사랑','결혼','연인',2),(18,'2024-04-02 13:15:12.464999',NULL,'https://a305-project-bucket.s3.ap-northeast-2.amazonaws.com/complete/a1f4eea4-6eb2-4ebc-bae5-2e25f48c739c_033521.png','소중함','생일','연인',2),(19,'2024-04-02 13:15:12.531114',NULL,'https://a305-project-bucket.s3.ap-northeast-2.amazonaws.com/complete/a1f4eea4-6eb2-4ebc-bae5-2e25f48c739c_033521.png','소중함','기념일','친구',2),(20,'2024-04-02 13:21:58.834334',NULL,'https://a305-project-bucket.s3.ap-northeast-2.amazonaws.com/complete/6981ea59-871a-4e05-ac68-b17c8b5466cf_042149.png','꽃을 통해 메세지 전달','여자친구와 200일','귀엽고 사랑스러운 여자친구에게',3),(21,'2024-04-02 13:40:11.609552',NULL,'https://a305-project-bucket.s3.ap-northeast-2.amazonaws.com/complete/7046ea4c-50bf-49db-ae4e-ea232dbf8280_043848.png','사랑의 메세지를 전할래','100일','여자친구에게',4),(22,'2024-04-02 14:08:00.817092',NULL,'https://a305-project-bucket.s3.ap-northeast-2.amazonaws.com/complete/5d7d252b-914c-401b-ac55-ea9bfb400e4b_050740.png','꽃을 통해 전하고 싶은 마음 꽃 3개','여자친구와 200일','귀엽고 사랑스러운 여자친구에게',3),(23,'2024-04-02 14:18:41.142731',NULL,'https://a305-project-bucket.s3.ap-northeast-2.amazonaws.com/complete/7d71d43e-d77b-478b-90be-57deab93693d_051810.png','우리 천년만년 함께하자 forever!!!','여자친구와 200일','귀엽고 사랑스러운 여자친구에게',6),(24,'2024-04-02 14:21:35.045354',NULL,'https://a305-project-bucket.s3.ap-northeast-2.amazonaws.com/complete/68b1bb61-4be4-426b-adc1-76d6229f332c_052107.png','우리 천년만년 함께하자 forever!!!','여자친구와 200일','귀엽고 사랑스러운 여자친구에게',6),(25,'2024-04-02 14:25:05.107466',NULL,'https://a305-project-bucket.s3.ap-northeast-2.amazonaws.com/complete/8eafa52c-ee82-44b9-91d1-1018745e028b_052456.png','사랑스러운 당신과 평생 함께하고 싶습니다.','여자친구와 200일','귀엽고 사랑스러운 여자친구에게',6),(26,'2024-04-02 14:26:42.924137',NULL,'https://a305-project-bucket.s3.ap-northeast-2.amazonaws.com/complete/fa0cad1e-a917-4e53-8e4b-36c6932873bb_052633.png','사랑스러운 당신과 평생 함께 하겠습니다','여자친구와 200일','귀엽고 사랑스러운 여자친구에게',6),(27,'2024-04-02 14:30:56.609166',NULL,'https://a305-project-bucket.s3.ap-northeast-2.amazonaws.com/complete/2a3afa05-4420-4788-a9fa-5449bc17e21a_053014.png','test','test','test',6),(28,'2024-04-02 16:09:58.258572',NULL,'https://a305-project-bucket.s3.ap-northeast-2.amazonaws.com/complete/a1f4eea4-6eb2-4ebc-bae5-2e25f48c739c_033521.png','축하','기념일','여자친구',1),(29,'2024-04-02 16:10:00.521492',NULL,'https://a305-project-bucket.s3.ap-northeast-2.amazonaws.com/complete/a1f4eea4-6eb2-4ebc-bae5-2e25f48c739c_033521.png','고생했어','졸업','친구',1),(30,'2024-04-02 16:10:02.028595',NULL,'https://a305-project-bucket.s3.ap-northeast-2.amazonaws.com/complete/a1f4eea4-6eb2-4ebc-bae5-2e25f48c739c_033521.png','축하','생일','동생',1),(31,'2024-04-02 16:10:04.304773',NULL,'https://a305-project-bucket.s3.ap-northeast-2.amazonaws.com/complete/a1f4eea4-6eb2-4ebc-bae5-2e25f48c739c_033521.png','소중함','졸업','연인',2),(32,'2024-04-02 16:10:05.104190',NULL,'https://a305-project-bucket.s3.ap-northeast-2.amazonaws.com/complete/a1f4eea4-6eb2-4ebc-bae5-2e25f48c739c_033521.png','영원한 사랑','생일','여자친구',2),(33,'2024-04-02 16:10:05.372406',NULL,'https://a305-project-bucket.s3.ap-northeast-2.amazonaws.com/complete/a1f4eea4-6eb2-4ebc-bae5-2e25f48c739c_033521.png','고생했어','시험','연인',2),(34,'2024-04-02 16:10:05.452552',NULL,'https://a305-project-bucket.s3.ap-northeast-2.amazonaws.com/complete/a1f4eea4-6eb2-4ebc-bae5-2e25f48c739c_033521.png','고생했어','결혼','친구',2),(35,'2024-04-02 16:10:05.511251',NULL,'https://a305-project-bucket.s3.ap-northeast-2.amazonaws.com/complete/a1f4eea4-6eb2-4ebc-bae5-2e25f48c739c_033521.png','고생했어','기념일','가족',2),(36,'2024-04-02 16:10:05.575274',NULL,'https://a305-project-bucket.s3.ap-northeast-2.amazonaws.com/complete/a1f4eea4-6eb2-4ebc-bae5-2e25f48c739c_033521.png','영원한 사랑','생일','연인',2),(37,'2024-04-02 16:10:05.631232',NULL,'https://a305-project-bucket.s3.ap-northeast-2.amazonaws.com/complete/a1f4eea4-6eb2-4ebc-bae5-2e25f48c739c_033521.png','고생했어','졸업','친구',2),(38,'2024-04-02 16:10:05.687863',NULL,'https://a305-project-bucket.s3.ap-northeast-2.amazonaws.com/complete/a1f4eea4-6eb2-4ebc-bae5-2e25f48c739c_033521.png','사랑해','시험','연인',2),(39,'2024-04-02 16:10:05.752230',NULL,'https://a305-project-bucket.s3.ap-northeast-2.amazonaws.com/complete/a1f4eea4-6eb2-4ebc-bae5-2e25f48c739c_033521.png','고생했어','시험','연인',2),(40,'2024-04-02 16:10:05.818962',NULL,'https://a305-project-bucket.s3.ap-northeast-2.amazonaws.com/complete/a1f4eea4-6eb2-4ebc-bae5-2e25f48c739c_033521.png','영원한 사랑','졸업','가족',2),(41,'2024-04-02 16:10:05.885015',NULL,'https://a305-project-bucket.s3.ap-northeast-2.amazonaws.com/complete/a1f4eea4-6eb2-4ebc-bae5-2e25f48c739c_033521.png','사랑해','생일','남자친구',2),(42,'2024-04-02 16:10:05.949582',NULL,'https://a305-project-bucket.s3.ap-northeast-2.amazonaws.com/complete/a1f4eea4-6eb2-4ebc-bae5-2e25f48c739c_033521.png','영원한 사랑','생일','연인',2),(43,'2024-04-02 16:10:06.007013',NULL,'https://a305-project-bucket.s3.ap-northeast-2.amazonaws.com/complete/a1f4eea4-6eb2-4ebc-bae5-2e25f48c739c_033521.png','소중함','시험','여자친구',2),(44,'2024-04-02 16:10:06.074149',NULL,'https://a305-project-bucket.s3.ap-northeast-2.amazonaws.com/complete/a1f4eea4-6eb2-4ebc-bae5-2e25f48c739c_033521.png','귀여움','생일','남자친구',2),(45,'2024-04-02 16:10:06.146369',NULL,'https://a305-project-bucket.s3.ap-northeast-2.amazonaws.com/complete/a1f4eea4-6eb2-4ebc-bae5-2e25f48c739c_033521.png','사랑해','졸업','남자친구',2),(46,'2024-04-02 16:10:06.199566',NULL,'https://a305-project-bucket.s3.ap-northeast-2.amazonaws.com/complete/a1f4eea4-6eb2-4ebc-bae5-2e25f48c739c_033521.png','소중함','시험','여자친구',2),(47,'2024-04-02 18:06:35.874766',NULL,'https://a305-project-bucket.s3.ap-northeast-2.amazonaws.com/complete/99542a3b-57ff-4740-8452-027014dafb47_090616.png','사랑의 마음을 전합니다.','200일','여자친구',5),(48,'2024-04-02 18:19:24.152092',NULL,'https://a305-project-bucket.s3.ap-northeast-2.amazonaws.com/complete/cd0c1e85-d9e2-470f-b629-8a95fc554ef8_091447.png','사랑과 감사하는 마음을 담습니다.','100일 기념일','연인에게',5),(49,'2024-04-02 18:40:29.866525',NULL,'https://a305-project-bucket.s3.ap-northeast-2.amazonaws.com/complete/a1f4eea4-6eb2-4ebc-bae5-2e25f48c739c_033521.png','축하','기념일','여자친구',1),(50,'2024-04-02 18:40:30.071982',NULL,'https://a305-project-bucket.s3.ap-northeast-2.amazonaws.com/complete/a1f4eea4-6eb2-4ebc-bae5-2e25f48c739c_033521.png','고생했어','졸업','친구',1),(51,'2024-04-02 18:40:30.184141',NULL,'https://a305-project-bucket.s3.ap-northeast-2.amazonaws.com/complete/a1f4eea4-6eb2-4ebc-bae5-2e25f48c739c_033521.png','축하','생일','동생',1),(52,'2024-04-02 18:40:30.493663',NULL,'https://a305-project-bucket.s3.ap-northeast-2.amazonaws.com/complete/a1f4eea4-6eb2-4ebc-bae5-2e25f48c739c_033521.png','귀여움','기념일','친구',2),(53,'2024-04-02 18:40:30.601799',NULL,'https://a305-project-bucket.s3.ap-northeast-2.amazonaws.com/complete/a1f4eea4-6eb2-4ebc-bae5-2e25f48c739c_033521.png','영원한 사랑','시험','친구',2),(54,'2024-04-02 18:40:30.698502',NULL,'https://a305-project-bucket.s3.ap-northeast-2.amazonaws.com/complete/a1f4eea4-6eb2-4ebc-bae5-2e25f48c739c_033521.png','고생했어','결혼','남자친구',2),(55,'2024-04-02 18:40:30.799387',NULL,'https://a305-project-bucket.s3.ap-northeast-2.amazonaws.com/complete/a1f4eea4-6eb2-4ebc-bae5-2e25f48c739c_033521.png','귀여움','생일','남자친구',2),(56,'2024-04-02 18:40:30.884034',NULL,'https://a305-project-bucket.s3.ap-northeast-2.amazonaws.com/complete/a1f4eea4-6eb2-4ebc-bae5-2e25f48c739c_033521.png','소중함','생일','여자친구',2),(57,'2024-04-02 18:40:30.954211',NULL,'https://a305-project-bucket.s3.ap-northeast-2.amazonaws.com/complete/a1f4eea4-6eb2-4ebc-bae5-2e25f48c739c_033521.png','고생했어','졸업','여자친구',2),(58,'2024-04-02 18:40:31.061615',NULL,'https://a305-project-bucket.s3.ap-northeast-2.amazonaws.com/complete/a1f4eea4-6eb2-4ebc-bae5-2e25f48c739c_033521.png','고생했어','시험','남자친구',2),(59,'2024-04-02 18:40:31.157537',NULL,'https://a305-project-bucket.s3.ap-northeast-2.amazonaws.com/complete/a1f4eea4-6eb2-4ebc-bae5-2e25f48c739c_033521.png','고생했어','기념일','연인',2),(60,'2024-04-02 18:40:31.226457',NULL,'https://a305-project-bucket.s3.ap-northeast-2.amazonaws.com/complete/a1f4eea4-6eb2-4ebc-bae5-2e25f48c739c_033521.png','소중함','시험','가족',2),(61,'2024-04-02 18:40:31.307715',NULL,'https://a305-project-bucket.s3.ap-northeast-2.amazonaws.com/complete/a1f4eea4-6eb2-4ebc-bae5-2e25f48c739c_033521.png','사랑해','졸업','친구',2),(62,'2024-04-02 18:40:31.396115',NULL,'https://a305-project-bucket.s3.ap-northeast-2.amazonaws.com/complete/a1f4eea4-6eb2-4ebc-bae5-2e25f48c739c_033521.png','귀여움','졸업','가족',2),(63,'2024-04-02 18:40:31.470459',NULL,'https://a305-project-bucket.s3.ap-northeast-2.amazonaws.com/complete/a1f4eea4-6eb2-4ebc-bae5-2e25f48c739c_033521.png','고생했어','시험','친구',2),(64,'2024-04-02 18:40:31.533023',NULL,'https://a305-project-bucket.s3.ap-northeast-2.amazonaws.com/complete/a1f4eea4-6eb2-4ebc-bae5-2e25f48c739c_033521.png','소중함','생일','연인',2),(65,'2024-04-02 18:40:31.613939',NULL,'https://a305-project-bucket.s3.ap-northeast-2.amazonaws.com/complete/a1f4eea4-6eb2-4ebc-bae5-2e25f48c739c_033521.png','귀여움','졸업','친구',2),(66,'2024-04-02 18:40:31.693364',NULL,'https://a305-project-bucket.s3.ap-northeast-2.amazonaws.com/complete/a1f4eea4-6eb2-4ebc-bae5-2e25f48c739c_033521.png','영원한 사랑','시험','남자친구',2),(67,'2024-04-02 18:40:31.766848',NULL,'https://a305-project-bucket.s3.ap-northeast-2.amazonaws.com/complete/a1f4eea4-6eb2-4ebc-bae5-2e25f48c739c_033521.png','고생했어','졸업','남자친구',2),(68,'2024-04-02 18:42:47.580771',NULL,'https://a305-project-bucket.s3.ap-northeast-2.amazonaws.com/dbcd7eb8-40bb-45b3-a373-df7881f15568_184241.png','사랑의 메시지를 전할래','200일','여자친구에게',4),(69,'2024-04-02 20:35:22.160651',NULL,'https://a305-project-bucket.s3.ap-northeast-2.amazonaws.com/complete/a1f4eea4-6eb2-4ebc-bae5-2e25f48c739c_033521.png','축하','기념일','여자친구',1),(70,'2024-04-02 20:35:22.403141',NULL,'https://a305-project-bucket.s3.ap-northeast-2.amazonaws.com/complete/a1f4eea4-6eb2-4ebc-bae5-2e25f48c739c_033521.png','고생했어','졸업','친구',1),(71,'2024-04-02 20:35:22.590394',NULL,'https://a305-project-bucket.s3.ap-northeast-2.amazonaws.com/complete/a1f4eea4-6eb2-4ebc-bae5-2e25f48c739c_033521.png','축하','생일','동생',1),(72,'2024-04-02 20:35:22.936513',NULL,'https://a305-project-bucket.s3.ap-northeast-2.amazonaws.com/complete/a1f4eea4-6eb2-4ebc-bae5-2e25f48c739c_033521.png','고생했어','졸업','연인',2),(73,'2024-04-02 20:35:23.059712',NULL,'https://a305-project-bucket.s3.ap-northeast-2.amazonaws.com/complete/a1f4eea4-6eb2-4ebc-bae5-2e25f48c739c_033521.png','고생했어','결혼','가족',2),(74,'2024-04-02 20:35:23.174941',NULL,'https://a305-project-bucket.s3.ap-northeast-2.amazonaws.com/complete/a1f4eea4-6eb2-4ebc-bae5-2e25f48c739c_033521.png','소중함','결혼','친구',2),(75,'2024-04-02 20:35:23.279407',NULL,'https://a305-project-bucket.s3.ap-northeast-2.amazonaws.com/complete/a1f4eea4-6eb2-4ebc-bae5-2e25f48c739c_033521.png','사랑해','졸업','연인',2),(76,'2024-04-02 20:35:23.353540',NULL,'https://a305-project-bucket.s3.ap-northeast-2.amazonaws.com/complete/a1f4eea4-6eb2-4ebc-bae5-2e25f48c739c_033521.png','소중함','기념일','남자친구',2),(77,'2024-04-02 20:35:23.428163',NULL,'https://a305-project-bucket.s3.ap-northeast-2.amazonaws.com/complete/a1f4eea4-6eb2-4ebc-bae5-2e25f48c739c_033521.png','소중함','결혼','친구',2),(78,'2024-04-02 20:35:23.499590',NULL,'https://a305-project-bucket.s3.ap-northeast-2.amazonaws.com/complete/a1f4eea4-6eb2-4ebc-bae5-2e25f48c739c_033521.png','고생했어','생일','가족',2),(79,'2024-04-02 20:35:23.573517',NULL,'https://a305-project-bucket.s3.ap-northeast-2.amazonaws.com/complete/a1f4eea4-6eb2-4ebc-bae5-2e25f48c739c_033521.png','귀여움','기념일','연인',2),(80,'2024-04-02 20:35:23.643956',NULL,'https://a305-project-bucket.s3.ap-northeast-2.amazonaws.com/complete/a1f4eea4-6eb2-4ebc-bae5-2e25f48c739c_033521.png','영원한 사랑','기념일','친구',2),(81,'2024-04-02 20:35:23.706805',NULL,'https://a305-project-bucket.s3.ap-northeast-2.amazonaws.com/complete/a1f4eea4-6eb2-4ebc-bae5-2e25f48c739c_033521.png','영원한 사랑','결혼','친구',2),(82,'2024-04-02 20:35:23.769145',NULL,'https://a305-project-bucket.s3.ap-northeast-2.amazonaws.com/complete/a1f4eea4-6eb2-4ebc-bae5-2e25f48c739c_033521.png','고생했어','결혼','여자친구',2),(83,'2024-04-02 20:35:23.857728',NULL,'https://a305-project-bucket.s3.ap-northeast-2.amazonaws.com/complete/a1f4eea4-6eb2-4ebc-bae5-2e25f48c739c_033521.png','사랑해','졸업','가족',2),(84,'2024-04-02 20:35:23.956859',NULL,'https://a305-project-bucket.s3.ap-northeast-2.amazonaws.com/complete/a1f4eea4-6eb2-4ebc-bae5-2e25f48c739c_033521.png','사랑해','결혼','친구',2),(85,'2024-04-02 20:35:24.069194',NULL,'https://a305-project-bucket.s3.ap-northeast-2.amazonaws.com/complete/a1f4eea4-6eb2-4ebc-bae5-2e25f48c739c_033521.png','귀여움','기념일','가족',2),(86,'2024-04-02 20:35:24.188889',NULL,'https://a305-project-bucket.s3.ap-northeast-2.amazonaws.com/complete/a1f4eea4-6eb2-4ebc-bae5-2e25f48c739c_033521.png','고생했어','결혼','여자친구',2),(87,'2024-04-02 20:35:24.298251',NULL,'https://a305-project-bucket.s3.ap-northeast-2.amazonaws.com/complete/a1f4eea4-6eb2-4ebc-bae5-2e25f48c739c_033521.png','귀여움','시험','친구',2),(88,'2024-04-02 20:44:39.784440',NULL,'https://a305-project-bucket.s3.ap-northeast-2.amazonaws.com/complete/a1f4eea4-6eb2-4ebc-bae5-2e25f48c739c_033521.png','축하','기념일','여자친구',1),(89,'2024-04-02 20:44:41.889468',NULL,'https://a305-project-bucket.s3.ap-northeast-2.amazonaws.com/complete/a1f4eea4-6eb2-4ebc-bae5-2e25f48c739c_033521.png','고생했어','졸업','친구',1),(90,'2024-04-02 20:44:42.705245',NULL,'https://a305-project-bucket.s3.ap-northeast-2.amazonaws.com/complete/a1f4eea4-6eb2-4ebc-bae5-2e25f48c739c_033521.png','축하','생일','동생',1),(91,'2024-04-02 20:44:44.073666',NULL,'https://a305-project-bucket.s3.ap-northeast-2.amazonaws.com/complete/a1f4eea4-6eb2-4ebc-bae5-2e25f48c739c_033521.png','사랑해','결혼','친구',2),(92,'2024-04-02 20:44:45.161371',NULL,'https://a305-project-bucket.s3.ap-northeast-2.amazonaws.com/complete/a1f4eea4-6eb2-4ebc-bae5-2e25f48c739c_033521.png','귀여움','기념일','남자친구',2),(93,'2024-04-02 20:44:45.621072',NULL,'https://a305-project-bucket.s3.ap-northeast-2.amazonaws.com/complete/a1f4eea4-6eb2-4ebc-bae5-2e25f48c739c_033521.png','영원한 사랑','결혼','가족',2),(94,'2024-04-02 20:44:46.343077',NULL,'https://a305-project-bucket.s3.ap-northeast-2.amazonaws.com/complete/a1f4eea4-6eb2-4ebc-bae5-2e25f48c739c_033521.png','영원한 사랑','생일','남자친구',2),(95,'2024-04-02 20:44:47.057160',NULL,'https://a305-project-bucket.s3.ap-northeast-2.amazonaws.com/complete/a1f4eea4-6eb2-4ebc-bae5-2e25f48c739c_033521.png','영원한 사랑','졸업','친구',2),(96,'2024-04-02 20:44:47.801816',NULL,'https://a305-project-bucket.s3.ap-northeast-2.amazonaws.com/complete/a1f4eea4-6eb2-4ebc-bae5-2e25f48c739c_033521.png','고생했어','생일','남자친구',2),(97,'2024-04-02 20:44:48.552949',NULL,'https://a305-project-bucket.s3.ap-northeast-2.amazonaws.com/complete/a1f4eea4-6eb2-4ebc-bae5-2e25f48c739c_033521.png','귀여움','결혼','가족',2),(98,'2024-04-02 20:44:49.436288',NULL,'https://a305-project-bucket.s3.ap-northeast-2.amazonaws.com/complete/a1f4eea4-6eb2-4ebc-bae5-2e25f48c739c_033521.png','사랑해','기념일','연인',2),(99,'2024-04-02 20:44:50.618988',NULL,'https://a305-project-bucket.s3.ap-northeast-2.amazonaws.com/complete/a1f4eea4-6eb2-4ebc-bae5-2e25f48c739c_033521.png','귀여움','생일','가족',2),(100,'2024-04-02 20:44:51.996783',NULL,'https://a305-project-bucket.s3.ap-northeast-2.amazonaws.com/complete/a1f4eea4-6eb2-4ebc-bae5-2e25f48c739c_033521.png','귀여움','기념일','친구',2),(101,'2024-04-02 20:44:52.991021',NULL,'https://a305-project-bucket.s3.ap-northeast-2.amazonaws.com/complete/a1f4eea4-6eb2-4ebc-bae5-2e25f48c739c_033521.png','귀여움','졸업','여자친구',2),(102,'2024-04-02 20:44:54.782453',NULL,'https://a305-project-bucket.s3.ap-northeast-2.amazonaws.com/complete/a1f4eea4-6eb2-4ebc-bae5-2e25f48c739c_033521.png','귀여움','시험','가족',2),(103,'2024-04-02 20:44:56.260260',NULL,'https://a305-project-bucket.s3.ap-northeast-2.amazonaws.com/complete/a1f4eea4-6eb2-4ebc-bae5-2e25f48c739c_033521.png','영원한 사랑','결혼','가족',2),(104,'2024-04-02 20:44:57.741096',NULL,'https://a305-project-bucket.s3.ap-northeast-2.amazonaws.com/complete/a1f4eea4-6eb2-4ebc-bae5-2e25f48c739c_033521.png','귀여움','생일','연인',2),(105,'2024-04-02 20:44:59.177999',NULL,'https://a305-project-bucket.s3.ap-northeast-2.amazonaws.com/complete/a1f4eea4-6eb2-4ebc-bae5-2e25f48c739c_033521.png','소중함','결혼','남자친구',2),(106,'2024-04-02 20:45:00.227862',NULL,'https://a305-project-bucket.s3.ap-northeast-2.amazonaws.com/complete/a1f4eea4-6eb2-4ebc-bae5-2e25f48c739c_033521.png','영원한 사랑','생일','가족',2),(107,'2024-04-02 20:55:09.534786',NULL,'https://a305-project-bucket.s3.ap-northeast-2.amazonaws.com/complete/a1f4eea4-6eb2-4ebc-bae5-2e25f48c739c_033521.png','축하','기념일','여자친구',1),(108,'2024-04-02 20:55:09.795476',NULL,'https://a305-project-bucket.s3.ap-northeast-2.amazonaws.com/complete/a1f4eea4-6eb2-4ebc-bae5-2e25f48c739c_033521.png','고생했어','졸업','친구',1),(109,'2024-04-02 20:55:09.909929',NULL,'https://a305-project-bucket.s3.ap-northeast-2.amazonaws.com/complete/a1f4eea4-6eb2-4ebc-bae5-2e25f48c739c_033521.png','축하','생일','동생',1),(110,'2024-04-02 20:55:10.120548',NULL,'https://a305-project-bucket.s3.ap-northeast-2.amazonaws.com/complete/a1f4eea4-6eb2-4ebc-bae5-2e25f48c739c_033521.png','고생했어','생일','연인',2),(111,'2024-04-02 20:55:10.245282',NULL,'https://a305-project-bucket.s3.ap-northeast-2.amazonaws.com/complete/a1f4eea4-6eb2-4ebc-bae5-2e25f48c739c_033521.png','고생했어','졸업','친구',2),(112,'2024-04-02 20:55:10.369111',NULL,'https://a305-project-bucket.s3.ap-northeast-2.amazonaws.com/complete/a1f4eea4-6eb2-4ebc-bae5-2e25f48c739c_033521.png','소중함','시험','친구',2),(113,'2024-04-02 20:55:10.493053',NULL,'https://a305-project-bucket.s3.ap-northeast-2.amazonaws.com/complete/a1f4eea4-6eb2-4ebc-bae5-2e25f48c739c_033521.png','사랑해','졸업','친구',2),(114,'2024-04-02 20:55:10.567911',NULL,'https://a305-project-bucket.s3.ap-northeast-2.amazonaws.com/complete/a1f4eea4-6eb2-4ebc-bae5-2e25f48c739c_033521.png','소중함','결혼','친구',2),(115,'2024-04-02 20:55:10.641823',NULL,'https://a305-project-bucket.s3.ap-northeast-2.amazonaws.com/complete/a1f4eea4-6eb2-4ebc-bae5-2e25f48c739c_033521.png','사랑해','졸업','남자친구',2),(116,'2024-04-02 20:55:10.715306',NULL,'https://a305-project-bucket.s3.ap-northeast-2.amazonaws.com/complete/a1f4eea4-6eb2-4ebc-bae5-2e25f48c739c_033521.png','고생했어','시험','남자친구',2),(117,'2024-04-02 20:55:10.785349',NULL,'https://a305-project-bucket.s3.ap-northeast-2.amazonaws.com/complete/a1f4eea4-6eb2-4ebc-bae5-2e25f48c739c_033521.png','사랑해','졸업','여자친구',2),(118,'2024-04-02 20:55:10.872051',NULL,'https://a305-project-bucket.s3.ap-northeast-2.amazonaws.com/complete/a1f4eea4-6eb2-4ebc-bae5-2e25f48c739c_033521.png','고생했어','기념일','연인',2),(119,'2024-04-02 20:55:11.023410',NULL,'https://a305-project-bucket.s3.ap-northeast-2.amazonaws.com/complete/a1f4eea4-6eb2-4ebc-bae5-2e25f48c739c_033521.png','귀여움','생일','여자친구',2),(120,'2024-04-02 20:55:11.125736',NULL,'https://a305-project-bucket.s3.ap-northeast-2.amazonaws.com/complete/a1f4eea4-6eb2-4ebc-bae5-2e25f48c739c_033521.png','귀여움','생일','여자친구',2),(121,'2024-04-02 20:55:11.224418',NULL,'https://a305-project-bucket.s3.ap-northeast-2.amazonaws.com/complete/a1f4eea4-6eb2-4ebc-bae5-2e25f48c739c_033521.png','귀여움','생일','친구',2),(122,'2024-04-02 20:55:11.285143',NULL,'https://a305-project-bucket.s3.ap-northeast-2.amazonaws.com/complete/a1f4eea4-6eb2-4ebc-bae5-2e25f48c739c_033521.png','귀여움','졸업','남자친구',2),(123,'2024-04-02 20:55:11.342095',NULL,'https://a305-project-bucket.s3.ap-northeast-2.amazonaws.com/complete/a1f4eea4-6eb2-4ebc-bae5-2e25f48c739c_033521.png','사랑해','기념일','가족',2),(124,'2024-04-02 20:55:11.399366',NULL,'https://a305-project-bucket.s3.ap-northeast-2.amazonaws.com/complete/a1f4eea4-6eb2-4ebc-bae5-2e25f48c739c_033521.png','소중함','생일','가족',2),(125,'2024-04-02 20:55:11.475565',NULL,'https://a305-project-bucket.s3.ap-northeast-2.amazonaws.com/complete/a1f4eea4-6eb2-4ebc-bae5-2e25f48c739c_033521.png','귀여움','기념일','남자친구',2),(126,'2024-04-02 23:15:06.968332',NULL,'https://a305-project-bucket.s3.ap-northeast-2.amazonaws.com/complete/a1f4eea4-6eb2-4ebc-bae5-2e25f48c739c_033521.png','축하','기념일','여자친구',1),(127,'2024-04-02 23:15:07.185377',NULL,'https://a305-project-bucket.s3.ap-northeast-2.amazonaws.com/complete/a1f4eea4-6eb2-4ebc-bae5-2e25f48c739c_033521.png','고생했어','졸업','친구',1),(128,'2024-04-02 23:15:07.272106',NULL,'https://a305-project-bucket.s3.ap-northeast-2.amazonaws.com/complete/a1f4eea4-6eb2-4ebc-bae5-2e25f48c739c_033521.png','축하','생일','동생',1),(129,'2024-04-02 23:15:07.473453',NULL,'https://a305-project-bucket.s3.ap-northeast-2.amazonaws.com/complete/a1f4eea4-6eb2-4ebc-bae5-2e25f48c739c_033521.png','사랑해','생일','연인',2),(130,'2024-04-02 23:15:07.571328',NULL,'https://a305-project-bucket.s3.ap-northeast-2.amazonaws.com/complete/a1f4eea4-6eb2-4ebc-bae5-2e25f48c739c_033521.png','귀여움','결혼','가족',2),(131,'2024-04-02 23:15:07.689007',NULL,'https://a305-project-bucket.s3.ap-northeast-2.amazonaws.com/complete/a1f4eea4-6eb2-4ebc-bae5-2e25f48c739c_033521.png','영원한 사랑','시험','남자친구',2),(132,'2024-04-02 23:15:07.817178',NULL,'https://a305-project-bucket.s3.ap-northeast-2.amazonaws.com/complete/a1f4eea4-6eb2-4ebc-bae5-2e25f48c739c_033521.png','사랑해','시험','연인',2),(133,'2024-04-02 23:15:07.900151',NULL,'https://a305-project-bucket.s3.ap-northeast-2.amazonaws.com/complete/a1f4eea4-6eb2-4ebc-bae5-2e25f48c739c_033521.png','고생했어','시험','연인',2),(134,'2024-04-02 23:15:07.965655',NULL,'https://a305-project-bucket.s3.ap-northeast-2.amazonaws.com/complete/a1f4eea4-6eb2-4ebc-bae5-2e25f48c739c_033521.png','사랑해','기념일','가족',2),(135,'2024-04-02 23:15:08.037614',NULL,'https://a305-project-bucket.s3.ap-northeast-2.amazonaws.com/complete/a1f4eea4-6eb2-4ebc-bae5-2e25f48c739c_033521.png','사랑해','결혼','가족',2),(136,'2024-04-02 23:15:08.095484',NULL,'https://a305-project-bucket.s3.ap-northeast-2.amazonaws.com/complete/a1f4eea4-6eb2-4ebc-bae5-2e25f48c739c_033521.png','고생했어','결혼','여자친구',2),(137,'2024-04-02 23:15:08.156041',NULL,'https://a305-project-bucket.s3.ap-northeast-2.amazonaws.com/complete/a1f4eea4-6eb2-4ebc-bae5-2e25f48c739c_033521.png','귀여움','시험','가족',2),(138,'2024-04-02 23:15:08.230409',NULL,'https://a305-project-bucket.s3.ap-northeast-2.amazonaws.com/complete/a1f4eea4-6eb2-4ebc-bae5-2e25f48c739c_033521.png','소중함','생일','친구',2),(139,'2024-04-02 23:15:08.302546',NULL,'https://a305-project-bucket.s3.ap-northeast-2.amazonaws.com/complete/a1f4eea4-6eb2-4ebc-bae5-2e25f48c739c_033521.png','귀여움','결혼','가족',2),(140,'2024-04-02 23:15:08.385541',NULL,'https://a305-project-bucket.s3.ap-northeast-2.amazonaws.com/complete/a1f4eea4-6eb2-4ebc-bae5-2e25f48c739c_033521.png','사랑해','졸업','여자친구',2),(141,'2024-04-02 23:15:08.446410',NULL,'https://a305-project-bucket.s3.ap-northeast-2.amazonaws.com/complete/a1f4eea4-6eb2-4ebc-bae5-2e25f48c739c_033521.png','귀여움','기념일','남자친구',2),(142,'2024-04-02 23:15:08.503513',NULL,'https://a305-project-bucket.s3.ap-northeast-2.amazonaws.com/complete/a1f4eea4-6eb2-4ebc-bae5-2e25f48c739c_033521.png','귀여움','결혼','연인',2),(143,'2024-04-02 23:15:08.568957',NULL,'https://a305-project-bucket.s3.ap-northeast-2.amazonaws.com/complete/a1f4eea4-6eb2-4ebc-bae5-2e25f48c739c_033521.png','영원한 사랑','시험','친구',2),(144,'2024-04-02 23:15:08.631995',NULL,'https://a305-project-bucket.s3.ap-northeast-2.amazonaws.com/complete/a1f4eea4-6eb2-4ebc-bae5-2e25f48c739c_033521.png','소중함','결혼','연인',2),(145,'2024-04-02 23:17:25.345894',NULL,'https://a305-project-bucket.s3.ap-northeast-2.amazonaws.com/d472ef20-e2ca-4454-aa81-41d0be03a255_231721.png','asd','asd','asd',7),(146,'2024-04-03 10:37:51.396037',NULL,'https://a305-project-bucket.s3.ap-northeast-2.amazonaws.com/complete/06144163-4e68-4886-b29e-bd301a91884f_013659.png','사랑의 메시지를 전할래','100일','여자친구에게',4),(147,'2024-04-03 11:10:49.302831',NULL,'https://a305-project-bucket.s3.ap-northeast-2.amazonaws.com/complete/7cdaf278-a5e0-4536-8a95-440b38a5356e_020518.png','사랑해용 우리 천년만년 함께 하자!!','여자친구와 200일','귀엽고 사랑스러운 여자친구에게',6),(148,'2024-04-03 11:17:01.439064',NULL,'https://a305-project-bucket.s3.ap-northeast-2.amazonaws.com/complete/dfd298e4-ecdc-4c06-b1be-d3bc304b1702_021656.png','사랑의 메시지','200일','여자친구',5),(149,'2024-04-03 12:24:48.570512',NULL,'https://a305-project-bucket.s3.ap-northeast-2.amazonaws.com/complete/8f64721e-5231-428c-b59a-a8d62adb1142_032440.png','사랑의 메세지','100일','여자친구에게',4),(150,'2024-04-03 12:32:56.722726',NULL,'https://a305-project-bucket.s3.ap-northeast-2.amazonaws.com/complete/2279e83c-bd07-47aa-8482-b1803e93edad_033249.png','사랑의 메시지','200일','여자친구',5),(151,'2024-04-03 12:35:59.420595',NULL,'https://a305-project-bucket.s3.ap-northeast-2.amazonaws.com/complete/a1f4eea4-6eb2-4ebc-bae5-2e25f48c739c_033521.png','사랑의 메세지를 전할래','200일','여자친구에게',4),(152,'2024-04-03 12:40:27.619662',NULL,'https://a305-project-bucket.s3.ap-northeast-2.amazonaws.com/complete/d0005276-4a4e-4543-b18a-4c22c72f3338_034016.png','사랑의 메세지를 전할래','100일','여자친구',4),(153,'2024-04-03 13:17:16.975400',NULL,'https://a305-project-bucket.s3.ap-northeast-2.amazonaws.com/complete/1440f0a6-91ff-4167-afc1-6d54fb8fdfab_041658.png','사랑의 메세지를 전하고싶어','100일','여자친구에게',4),(154,'2024-04-03 13:22:15.766747',NULL,'https://a305-project-bucket.s3.ap-northeast-2.amazonaws.com/complete/09ace45f-6067-4089-bf10-1c59d83f1098_042205.png','천년만년 함께하자!','여자친구와 200일','귀엽고 사랑스러운 여자친구에게',7),(155,'2024-04-03 14:26:39.993638',NULL,'https://a305-project-bucket.s3.ap-northeast-2.amazonaws.com/complete/95ef3349-f380-4cab-b83e-110543e544aa_052501.png','감사와 사랑의 메시지를 담아.','결혼기념일','부모님',5),(156,'2024-04-03 14:38:11.203062',NULL,'https://a305-project-bucket.s3.ap-northeast-2.amazonaws.com/complete/8473eb1a-e336-46b9-8593-07aad5458bf1_053800.png','사랑의 메시지','100일','여자친구',5),(157,'2024-04-03 14:41:44.032795',NULL,'https://a305-project-bucket.s3.ap-northeast-2.amazonaws.com/complete/04b9f6b6-47c6-4769-bc96-c02965369aee_054139.png','축하와 기원의 메시지','졸업식','동생에게',5),(158,'2024-04-03 14:43:31.176227',NULL,'https://a305-project-bucket.s3.ap-northeast-2.amazonaws.com/complete/c441020d-b132-4c41-bd87-56e5de91e487_054317.png','사랑의 메시지를 전할래','100일','여자친구에게',4);
/*!40000 ALTER TABLE `bouquet` ENABLE KEYS */;
UNLOCK TABLES;

--
-- Table structure for table `flower`
--

DROP TABLE IF EXISTS `flower`;
/*!40101 SET @saved_cs_client     = @@character_set_client */;
/*!50503 SET character_set_client = utf8mb4 */;
CREATE TABLE `flower` (
  `flower_id` bigint NOT NULL AUTO_INCREMENT,
  `create_date_time` datetime(6) NOT NULL,
  `update_date_time` datetime(6) DEFAULT NULL,
  `color` varchar(255) DEFAULT NULL,
  `english_name` varchar(255) DEFAULT NULL,
  `image_url` varchar(255) DEFAULT NULL,
  `korean_name` varchar(255) DEFAULT NULL,
  `meaning` varchar(255) DEFAULT NULL,
  PRIMARY KEY (`flower_id`)
) ENGINE=InnoDB AUTO_INCREMENT=17 DEFAULT CHARSET=utf8mb4 COLLATE=utf8mb4_0900_ai_ci;
/*!40101 SET character_set_client = @saved_cs_client */;

--
-- Dumping data for table `flower`
--

LOCK TABLES `flower` WRITE;
/*!40000 ALTER TABLE `flower` DISABLE KEYS */;
INSERT INTO `flower` VALUES (1,'2024-04-02 13:15:10.055868',NULL,'red','Red Rose','https://a305-project-bucket.s3.ap-northeast-2.amazonaws.com/flowerBaseImage/FlowerImage/1.png','빨강 장미','사랑, 아름다움, 열정'),(2,'2024-04-02 13:15:10.137405',NULL,'white','White Rose','https://a305-project-bucket.s3.ap-northeast-2.amazonaws.com/flowerBaseImage/FlowerImage/2.png','하양 장미','존경,순결,순진,매력'),(3,'2024-04-02 13:15:10.157143',NULL,'pink','Pink Rose','https://a305-project-bucket.s3.ap-northeast-2.amazonaws.com/flowerBaseImage/FlowerImage/3.png','분홍 장미','맹세, 단순, 행복한사랑'),(4,'2024-04-02 13:15:10.177283',NULL,'red','Red Tulip','https://a305-project-bucket.s3.ap-northeast-2.amazonaws.com/flowerBaseImage/FlowerImage/4.png','빨강 튤립','사랑의 고백, 신중함'),(5,'2024-04-02 13:15:10.195408',NULL,'yellow','Yellow Tulip','https://a305-project-bucket.s3.ap-northeast-2.amazonaws.com/flowerBaseImage/FlowerImage/5.png','노랑 튤립','희망, 생명력'),(6,'2024-04-02 13:15:10.216900',NULL,'purple','Purple Tulip','https://a305-project-bucket.s3.ap-northeast-2.amazonaws.com/flowerBaseImage/FlowerImage/6.png','보라 튤립','영원한 사랑, 영원하지 않은 사랑'),(7,'2024-04-02 13:15:10.241012',NULL,'white','White Gypsophila','https://a305-project-bucket.s3.ap-northeast-2.amazonaws.com/flowerBaseImage/FlowerImage/7.png','안개꽃','맑은 마음, 순수한 사랑, 미지의 사랑'),(8,'2024-04-02 13:15:10.273076',NULL,'purple','Iris','https://a305-project-bucket.s3.ap-northeast-2.amazonaws.com/flowerBaseImage/FlowerImage/8.png','아이리스','지혜, 자신감, 아름다움'),(9,'2024-04-02 13:15:10.301811',NULL,'white','White Lily','https://a305-project-bucket.s3.ap-northeast-2.amazonaws.com/flowerBaseImage/FlowerImage/9.png','백합','순결, 우아함'),(10,'2024-04-02 13:15:10.326517',NULL,'red','Red Carnation','https://a305-project-bucket.s3.ap-northeast-2.amazonaws.com/flowerBaseImage/FlowerImage/10.png','빨강 카네이션','부모를 향한 사랑, 감사함, 건강 기원'),(11,'2024-04-02 13:15:10.371621',NULL,'pink','Pink Carnation','https://a305-project-bucket.s3.ap-northeast-2.amazonaws.com/flowerBaseImage/FlowerImage/11.png','분홍 카네이션','사랑의 고백, 감사하는 마음'),(12,'2024-04-02 13:15:10.392444',NULL,'white','White Hydrangea','https://a305-project-bucket.s3.ap-northeast-2.amazonaws.com/flowerBaseImage/FlowerImage/12.png','수국','변덕, 진실된 마음'),(13,'2024-04-02 13:15:10.405490',NULL,'pink','Pink Gerbera','https://a305-project-bucket.s3.ap-northeast-2.amazonaws.com/flowerBaseImage/FlowerImage/13.png','거베라','감사, 숭고한 아름다움'),(14,'2024-04-02 13:15:10.417683',NULL,'purple','Purple Lavender','https://a305-project-bucket.s3.ap-northeast-2.amazonaws.com/flowerBaseImage/FlowerImage/14.png','라벤더','사랑, 행운'),(15,'2024-04-02 13:15:10.440503',NULL,'pink','Pink Hyacinth','https://a305-project-bucket.s3.ap-northeast-2.amazonaws.com/flowerBaseImage/FlowerImage/15.png','히아신스','사랑의 기쁨'),(16,'2024-04-02 13:15:10.455702',NULL,'yellow','Yellow Sunflower','https://a305-project-bucket.s3.ap-northeast-2.amazonaws.com/flowerBaseImage/FlowerImage/16.png','해바라기','활력, 인내');
/*!40000 ALTER TABLE `flower` ENABLE KEYS */;
UNLOCK TABLES;

--
-- Table structure for table `flower_bouquet`
--

DROP TABLE IF EXISTS `flower_bouquet`;
/*!40101 SET @saved_cs_client     = @@character_set_client */;
/*!50503 SET character_set_client = utf8mb4 */;
CREATE TABLE `flower_bouquet` (
  `id` bigint NOT NULL AUTO_INCREMENT,
  `bouquet_id` bigint DEFAULT NULL,
  `flower_id` bigint DEFAULT NULL,
  PRIMARY KEY (`id`),
  KEY `FK961jk4o67r9xcyx5wytro0lcj` (`bouquet_id`),
  KEY `FK8saqh9o9ycnr0jflkqltexn51` (`flower_id`),
  CONSTRAINT `FK8saqh9o9ycnr0jflkqltexn51` FOREIGN KEY (`flower_id`) REFERENCES `flower` (`flower_id`),
  CONSTRAINT `FK961jk4o67r9xcyx5wytro0lcj` FOREIGN KEY (`bouquet_id`) REFERENCES `bouquet` (`bouquet_id`)
) ENGINE=InnoDB AUTO_INCREMENT=457 DEFAULT CHARSET=utf8mb4 COLLATE=utf8mb4_0900_ai_ci;
/*!40101 SET character_set_client = @saved_cs_client */;

--
-- Dumping data for table `flower_bouquet`
--

LOCK TABLES `flower_bouquet` WRITE;
/*!40000 ALTER TABLE `flower_bouquet` DISABLE KEYS */;
INSERT INTO `flower_bouquet` VALUES (1,1,2),(2,1,4),(3,1,7),(4,2,2),(5,2,1),(6,2,6),(7,3,9),(8,3,10),(9,3,13),(10,4,3),(11,4,12),(12,4,8),(13,5,6),(14,5,13),(15,5,10),(16,6,4),(17,6,8),(18,6,6),(19,7,1),(20,7,11),(21,7,5),(22,8,6),(23,8,11),(24,8,12),(25,9,13),(26,9,4),(27,9,5),(28,10,5),(29,10,8),(30,10,9),(31,11,11),(32,11,3),(33,11,8),(34,12,13),(35,12,12),(36,12,10),(37,13,12),(38,13,2),(39,13,7),(40,14,1),(41,14,13),(42,14,10),(43,15,9),(44,15,1),(45,15,10),(46,16,4),(47,16,8),(48,16,3),(49,17,12),(50,17,6),(51,17,2),(52,18,9),(53,18,5),(54,18,12),(55,19,8),(56,19,1),(57,19,6),(58,20,4),(59,20,14),(60,21,1),(61,21,16),(62,21,15),(63,22,1),(64,22,7),(65,22,16),(66,23,1),(67,23,3),(68,23,8),(69,24,1),(70,24,5),(71,24,8),(72,25,1),(73,25,11),(74,25,13),(75,26,1),(76,26,9),(77,26,16),(78,27,1),(79,27,12),(80,27,14),(81,28,2),(82,28,4),(83,28,7),(84,29,2),(85,29,1),(86,29,6),(87,30,9),(88,30,10),(89,30,13),(90,31,11),(91,31,8),(92,31,1),(93,32,4),(94,32,2),(95,32,11),(96,33,6),(97,33,11),(98,33,5),(99,34,5),(100,34,8),(101,34,13),(102,35,6),(103,35,1),(104,35,9),(105,36,9),(106,36,8),(107,36,6),(108,37,13),(109,37,8),(110,37,7),(111,38,5),(112,38,6),(113,38,7),(114,39,2),(115,39,3),(116,39,5),(117,40,2),(118,40,6),(119,40,1),(120,41,5),(121,41,6),(122,41,1),(123,42,2),(124,42,9),(125,42,8),(126,43,6),(127,43,13),(128,43,4),(129,44,13),(130,44,6),(131,44,1),(132,45,13),(133,45,3),(134,45,1),(135,46,6),(136,46,10),(137,46,12),(138,47,1),(139,47,7),(140,47,16),(141,48,1),(142,48,7),(143,48,12),(144,49,2),(145,49,4),(146,49,7),(147,50,2),(148,50,1),(149,50,6),(150,51,9),(151,51,10),(152,51,13),(153,52,9),(154,52,6),(155,52,5),(156,53,11),(157,53,2),(158,53,9),(159,54,9),(160,54,4),(161,54,5),(162,55,3),(163,55,13),(164,55,8),(165,56,6),(166,56,8),(167,56,10),(168,57,3),(169,57,12),(170,57,4),(171,58,10),(172,58,12),(173,58,11),(174,59,7),(175,59,12),(176,59,10),(177,60,9),(178,60,3),(179,60,5),(180,61,10),(181,61,7),(182,61,8),(183,62,7),(184,62,13),(185,62,8),(186,63,1),(187,63,13),(188,63,2),(189,64,6),(190,64,9),(191,64,11),(192,65,9),(193,65,11),(194,65,3),(195,66,10),(196,66,3),(197,66,13),(198,67,5),(199,67,10),(200,67,3),(201,68,1),(202,68,5),(203,68,14),(204,69,2),(205,69,4),(206,69,7),(207,70,2),(208,70,1),(209,70,6),(210,71,9),(211,71,10),(212,71,13),(213,72,2),(214,72,8),(215,72,9),(216,73,4),(217,73,9),(218,73,13),(219,74,6),(220,74,2),(221,74,11),(222,75,8),(223,75,2),(224,75,9),(225,76,10),(226,76,4),(227,76,7),(228,77,11),(229,77,13),(230,77,2),(231,78,1),(232,78,13),(233,78,9),(234,79,6),(235,79,2),(236,79,3),(237,80,4),(238,80,1),(239,80,11),(240,81,2),(241,81,13),(242,81,1),(243,82,11),(244,82,5),(245,82,9),(246,83,10),(247,83,7),(248,83,5),(249,84,13),(250,84,12),(251,84,9),(252,85,11),(253,85,3),(254,85,4),(255,86,10),(256,86,1),(257,86,8),(258,87,9),(259,87,6),(260,87,5),(261,88,2),(262,88,4),(263,88,7),(264,89,2),(265,89,1),(266,89,6),(267,90,9),(268,90,10),(269,90,13),(270,91,7),(271,91,13),(272,91,11),(273,92,12),(274,92,10),(275,92,9),(276,93,10),(277,93,11),(278,93,13),(279,94,8),(280,94,7),(281,94,13),(282,95,6),(283,95,1),(284,95,5),(285,96,4),(286,96,8),(287,96,11),(288,97,11),(289,97,4),(290,97,5),(291,98,3),(292,98,4),(293,98,5),(294,99,6),(295,99,7),(296,99,12),(297,100,1),(298,100,5),(299,100,11),(300,101,9),(301,101,4),(302,101,7),(303,102,6),(304,102,12),(305,102,8),(306,103,10),(307,103,6),(308,103,4),(309,104,8),(310,104,3),(311,104,5),(312,105,1),(313,105,3),(314,105,7),(315,106,12),(316,106,13),(317,106,2),(318,107,2),(319,107,4),(320,107,7),(321,108,2),(322,108,1),(323,108,6),(324,109,9),(325,109,10),(326,109,13),(327,110,1),(328,110,13),(329,110,9),(330,111,1),(331,111,4),(332,111,13),(333,112,6),(334,112,7),(335,112,13),(336,113,11),(337,113,4),(338,113,9),(339,114,10),(340,114,7),(341,114,13),(342,115,4),(343,115,7),(344,115,13),(345,116,12),(346,116,2),(347,116,6),(348,117,11),(349,117,4),(350,117,5),(351,118,6),(352,118,4),(353,118,1),(354,119,5),(355,119,7),(356,119,4),(357,120,1),(358,120,8),(359,120,5),(360,121,3),(361,121,12),(362,121,13),(363,122,1),(364,122,7),(365,122,3),(366,123,6),(367,123,11),(368,123,12),(369,124,13),(370,124,11),(371,124,9),(372,125,2),(373,125,6),(374,125,13),(375,126,2),(376,126,4),(377,126,7),(378,127,2),(379,127,1),(380,127,6),(381,128,9),(382,128,10),(383,128,13),(384,129,12),(385,129,6),(386,129,7),(387,130,1),(388,130,6),(389,130,12),(390,131,6),(391,131,11),(392,131,7),(393,132,6),(394,132,13),(395,132,4),(396,133,6),(397,133,7),(398,133,10),(399,134,2),(400,134,3),(401,134,4),(402,135,12),(403,135,1),(404,135,8),(405,136,4),(406,136,5),(407,136,3),(408,137,6),(409,137,2),(410,137,5),(411,138,11),(412,138,1),(413,138,12),(414,139,7),(415,139,11),(416,139,13),(417,140,11),(418,140,10),(419,140,5),(420,141,4),(421,141,2),(422,141,8),(423,142,11),(424,142,10),(425,142,2),(426,143,7),(427,143,9),(428,143,11),(429,144,8),(430,144,13),(431,144,10),(432,145,1),(433,145,15),(434,145,13),(435,146,2),(436,146,13),(437,146,16),(438,147,1),(439,147,3),(440,148,1),(441,148,7),(442,148,13),(443,150,1),(444,150,15),(445,150,2),(446,151,2),(447,151,12),(448,151,8),(449,152,2),(450,152,3),(451,153,8),(452,153,10),(453,153,14),(454,154,13),(455,154,10),(456,154,14);
/*!40000 ALTER TABLE `flower_bouquet` ENABLE KEYS */;
UNLOCK TABLES;

--
-- Table structure for table `member`
--

DROP TABLE IF EXISTS `member`;
/*!40101 SET @saved_cs_client     = @@character_set_client */;
/*!50503 SET character_set_client = utf8mb4 */;
CREATE TABLE `member` (
  `member_id` bigint NOT NULL AUTO_INCREMENT,
  `create_date_time` datetime(6) NOT NULL,
  `update_date_time` datetime(6) DEFAULT NULL,
  `kakao_id` varchar(255) DEFAULT NULL,
  `nickname` varchar(255) DEFAULT NULL,
  `password` varchar(255) DEFAULT NULL,
  `profile_image` varchar(255) DEFAULT NULL,
  `role` enum('ADMIN','MANAGER','USER') DEFAULT NULL,
  PRIMARY KEY (`member_id`),
  UNIQUE KEY `UK_tqi1nx9ul3nx7guxpqycuvgue` (`kakao_id`)
) ENGINE=InnoDB AUTO_INCREMENT=10 DEFAULT CHARSET=utf8mb4 COLLATE=utf8mb4_0900_ai_ci;
/*!40101 SET character_set_client = @saved_cs_client */;

--
-- Dumping data for table `member`
--

LOCK TABLES `member` WRITE;
/*!40000 ALTER TABLE `member` DISABLE KEYS */;
INSERT INTO `member` VALUES (1,'2024-04-02 13:15:10.614632',NULL,'TestKakaoId',NULL,NULL,'TestPorfileImage',NULL),(2,'2024-04-02 13:15:11.213393',NULL,'123','닉네임',NULL,NULL,NULL),(3,'2024-04-02 13:19:25.028128',NULL,'3415449989','냥파스 라이프','{bcrypt}$2a$10$bozXvA.17PF9gfAqO1DURe.dHAfjJfn0C68MnHAfSVGDaCNA00032','https://k.kakaocdn.net/dn/bDuPNx/btqrRTviOG7/a8m7eSzrzhEhqm11gkwBuK/img_640x640.jpg','USER'),(4,'2024-04-02 13:37:49.891856',NULL,'3411336673','윤길재','{bcrypt}$2a$10$wbI9H91zmWR89GB8tMl6gu/4gLP6csglwabYoVtmHLO8YPv4c0dDq','https://t1.kakaocdn.net/account_images/default_profile.jpeg.twg.thumb.R640x640','USER'),(5,'2024-04-02 13:39:08.939592',NULL,'3414665902','L.HJ','{bcrypt}$2a$10$0kn5iscPJi5wwolslFH5t.gQYNtDrUfRbIeKgmTtw/YDohJvUvu72','https://k.kakaocdn.net/dn/2B3Jb/btrfKASGCLp/Gff8xoyTtgq2Dc5GKJDhC1/img_640x640.jpg','USER'),(6,'2024-04-02 14:17:12.832768',NULL,'3418240170','한태희','{bcrypt}$2a$10$Hwu4HjC.OotM0HElYSuLl.NR7BDsNE51rwNUlqMDynoBGn264exKq','https://t1.kakaocdn.net/account_images/default_profile.jpeg.twg.thumb.R640x640','USER'),(7,'2024-04-02 14:36:35.739018',NULL,'3406485624','정덕주','{bcrypt}$2a$10$TJeuHm1uF5QaQySe6V/Oyuw5Y1W1QdqvjdNiFL/SzZZ73xaut/OZq','https://k.kakaocdn.net/dn/dgL9tT/btsFJJDec8L/MAIJVrFuqPI9O3oyWfiQVK/img_640x640.jpg','USER'),(8,'2024-04-02 15:05:49.547383',NULL,'3414463731','우창진','{bcrypt}$2a$10$poSmR9QJWVlVknc.CHnGsO/Cnoo9A2NxjOmXeB39t1jhxBqxSZZYS','https://t1.kakaocdn.net/account_images/default_profile.jpeg.twg.thumb.R640x640','USER'),(9,'2024-04-03 10:17:41.119418',NULL,'3416278998','dd','{bcrypt}$2a$10$cMaY30ziurm6n36vt/xhH.rS.5mnKleGDPkMoDz7vjEreExjVFwwS','https://t1.kakaocdn.net/account_images/default_profile.jpeg.twg.thumb.R640x640','USER');
/*!40000 ALTER TABLE `member` ENABLE KEYS */;
UNLOCK TABLES;

--
-- Table structure for table `member_bouquet`
--

DROP TABLE IF EXISTS `member_bouquet`;
/*!40101 SET @saved_cs_client     = @@character_set_client */;
/*!50503 SET character_set_client = utf8mb4 */;
CREATE TABLE `member_bouquet` (
  `id` bigint NOT NULL,
  `bouquet_id` bigint DEFAULT NULL,
  `member_id` bigint DEFAULT NULL,
  PRIMARY KEY (`id`),
  KEY `FK23vi85c71welt3xv9hfydt7jw` (`bouquet_id`),
  KEY `FKmroodq4rn3nt8cd636y2q6hjw` (`member_id`),
  CONSTRAINT `FK23vi85c71welt3xv9hfydt7jw` FOREIGN KEY (`bouquet_id`) REFERENCES `bouquet` (`bouquet_id`),
  CONSTRAINT `FKmroodq4rn3nt8cd636y2q6hjw` FOREIGN KEY (`member_id`) REFERENCES `member` (`member_id`)
) ENGINE=InnoDB DEFAULT CHARSET=utf8mb4 COLLATE=utf8mb4_0900_ai_ci;
/*!40101 SET character_set_client = @saved_cs_client */;

--
-- Dumping data for table `member_bouquet`
--

LOCK TABLES `member_bouquet` WRITE;
/*!40000 ALTER TABLE `member_bouquet` DISABLE KEYS */;
INSERT INTO `member_bouquet` VALUES (1,1,1),(2,2,1),(3,3,1),(4,4,2),(5,5,2),(6,6,2),(7,7,2),(8,8,2),(9,9,2),(10,10,2),(11,11,2),(12,12,2),(13,13,2),(14,14,2),(15,15,2),(16,16,2),(17,17,2),(18,18,2),(19,19,2),(20,20,3),(21,21,4),(22,22,3),(23,23,6),(24,24,6),(25,25,6),(26,26,6),(27,27,6),(52,28,1),(53,29,1),(54,30,1),(55,31,2),(56,32,2),(57,33,2),(58,34,2),(59,35,2),(60,36,2),(61,37,2),(62,38,2),(63,39,2),(64,40,2),(65,41,2),(66,42,2),(67,43,2),(68,44,2),(69,45,2),(70,46,2),(71,47,5),(72,48,5),(102,49,1),(103,50,1),(104,51,1),(105,52,2),(106,53,2),(107,54,2),(108,55,2),(109,56,2),(110,57,2),(111,58,2),(112,59,2),(113,60,2),(114,61,2),(115,62,2),(116,63,2),(117,64,2),(118,65,2),(119,66,2),(120,67,2),(121,68,4),(152,69,1),(153,70,1),(154,71,1),(155,72,2),(156,73,2),(157,74,2),(158,75,2),(159,76,2),(160,77,2),(161,78,2),(162,79,2),(163,80,2),(164,81,2),(165,82,2),(166,83,2),(167,84,2),(168,85,2),(169,86,2),(170,87,2),(202,88,1),(203,89,1),(204,90,1),(205,91,2),(206,92,2),(207,93,2),(208,94,2),(209,95,2),(210,96,2),(211,97,2),(212,98,2),(213,99,2),(214,100,2),(215,101,2),(216,102,2),(217,103,2),(218,104,2),(219,105,2),(220,106,2),(252,107,1),(253,108,1),(254,109,1),(255,110,2),(256,111,2),(257,112,2),(258,113,2),(259,114,2),(260,115,2),(261,116,2),(262,117,2),(263,118,2),(264,119,2),(265,120,2),(266,121,2),(267,122,2),(268,123,2),(269,124,2),(270,125,2),(302,126,1),(303,127,1),(304,128,1),(305,129,2),(306,130,2),(307,131,2),(308,132,2),(309,133,2),(310,134,2),(311,135,2),(312,136,2),(313,137,2),(314,138,2),(315,139,2),(316,140,2),(317,141,2),(318,142,2),(319,143,2),(320,144,2),(321,145,7),(322,146,4),(323,147,6),(324,148,5),(325,149,4),(326,150,5),(327,151,4),(328,152,4),(329,153,4),(330,154,7);
/*!40000 ALTER TABLE `member_bouquet` ENABLE KEYS */;
UNLOCK TABLES;

--
-- Table structure for table `member_bouquet_seq`
--

DROP TABLE IF EXISTS `member_bouquet_seq`;
/*!40101 SET @saved_cs_client     = @@character_set_client */;
/*!50503 SET character_set_client = utf8mb4 */;
CREATE TABLE `member_bouquet_seq` (
  `next_val` bigint DEFAULT NULL
) ENGINE=InnoDB DEFAULT CHARSET=utf8mb4 COLLATE=utf8mb4_0900_ai_ci;
/*!40101 SET character_set_client = @saved_cs_client */;

--
-- Dumping data for table `member_bouquet_seq`
--

LOCK TABLES `member_bouquet_seq` WRITE;
/*!40000 ALTER TABLE `member_bouquet_seq` DISABLE KEYS */;
INSERT INTO `member_bouquet_seq` VALUES (401);
/*!40000 ALTER TABLE `member_bouquet_seq` ENABLE KEYS */;
UNLOCK TABLES;
/*!40103 SET TIME_ZONE=@OLD_TIME_ZONE */;

/*!40101 SET SQL_MODE=@OLD_SQL_MODE */;
/*!40014 SET FOREIGN_KEY_CHECKS=@OLD_FOREIGN_KEY_CHECKS */;
/*!40014 SET UNIQUE_CHECKS=@OLD_UNIQUE_CHECKS */;
/*!40101 SET CHARACTER_SET_CLIENT=@OLD_CHARACTER_SET_CLIENT */;
/*!40101 SET CHARACTER_SET_RESULTS=@OLD_CHARACTER_SET_RESULTS */;
/*!40101 SET COLLATION_CONNECTION=@OLD_COLLATION_CONNECTION */;
/*!40111 SET SQL_NOTES=@OLD_SQL_NOTES */;

-- Dump completed on 2024-04-03  5:49:57
